Matthew’s Heating and Air Services LLC	+12146956242	V5K4g17hjtKE9OY4AGqP	?
Thermal Choice Heat and Air	+12147913422	LyqD73b7VBmqmHmnhfYD	?
Bolton Heating & Air	+12149097615	72qe7mj6fHrDXHH8przB	?
Homestead Heating & Air	+12149731800	z1Ii3K8TXvGvGVq1RzPE	?
texas hvac services	+14694029114	DKliKjGg6khKb2jsmRK7	YES
onetech a/c gainesville	+14694471111	C3dAPCi8aWpanlA8IIFd	YES
Copeland's Air Conditioning and Heating, LLC	+14697204440	KQAwi76qpeLYuRNmaEpE	?
Premier HVAC Services LLC	+14697204539	QrksI6Ghe7S4ltYHSFMF	?
trane supply	+14697950075	CUSQFvv2AxPn9JWLqgc7	YES
Reese Air Services, LLC	+14698204996	NF3SaNkQB6rsulO9mzzE	?
Patriot Comfort Services	+14698682668	E4hNLuTy2TovCqe51gE4	?
National H.V.A.C. Service, LTD	+15015657600	1S3avWNRb2ylQmfsx4As	?
Aire Master Heating and Air Conditioning Specialists	+15124636599	fdNax7htuEuo4WMWLQlK	?
Joe's Heat and Air	+15803061663	t3aCndSrSpf647DjxEpB	?
Midtown Heating & Air	+15806123436	EHrAxjDM9DvHpERN7GGs	?
dumpster rentals oklahoma	+15809671791	WGsMSOJgv4oAGKxAV7F7	YES
home services at the home depot	+18444762140	7Udb1pgejIGOEs0LtDmq	YES
Triple C Repair	+18703305024	iMrNYPOJ1EmNxTAMUz6d	?
Thomas Bui & Sons A/C & Heating	+18707738193	pFYb7Ub9h9wOKQLt6g3V	?
Hollis Heating and Air Conditioning, Inc.	+18707775317	1JYHYGEM6rxDM86esf4q	?
Elite Air Professionals	+18709470873	bL5tR4coBEJhT3J3P9iO	?
sharp a/c	+19032049341	QoGOXzpM001FHbevgm3I	NO
a/c works	+19032416157	9YtzD02KSYvAEUB7aH7k	NO
Craig's Integrity Service	+19032802512	Gf41H7Olm3xm3GqPGpD9	?
Goode Brothers Heating & Air Conditioning, Inc.	+19032910608	vVPkAK3vfGL7GWb1efWJ	?
Donnie's Heat and Air, LLC	+19033079786	x0tS5NFOfZhuZh4ffS0P	?
Frostbite Heating and Air LLC	+19033609186	Bx8U9nzb547dxYtIoQ7k	?
elite refrigeration and air llc.	+19033878247	QncntwGXGw6ktGOtfqus	NO
903 HVAC	+19033931044	r2NuqH3P0b04iojyMJz3	?
"at your service" heating &a/c	+19034025671	Ulbn38zpgbG0wPWCaKdn	YES
5t mechanical llc	+19034211486	7wuzejcBK3zQZLihSo5j	NO
Fresh Start A/C and Plumbing	+19034729585	4nF0KuDaqzfcQlU5DAXq	?
arete mechanical services llc	+19035030591	nloz8oW7yKEzTMJQZfK0	YES
MSC Heating & Air Conditioning LLC	+19035207129	sBkxwRyy6wEg0vFPIeWr	?
culpepper plumbing & air conditioning	+19035643959	PAv0o55OiVsrzQUErQKy	YES
Alford Air Conditioning and Heating	+19036321493	DvDc3bmM7M25WQOKMgc0	?
keep it cool air conditioning and heating	+19036801952	SbJW3iaz3MHSM5sd7ACD	YES
all elements heating & air llc	+19037023941	pIl57uT0dPMDDZnQ4ZK2	YES
nextgen airworks llc	+19037181992	l8c52SjqGyrP8hMnWhO6	NO
right temp a/c & heating	+19037256135	n8WchBEvzAMrnk2vt1Vb	NO
classic air conditioning and heating	+19037343047	T5IOXj7IoHlEqboDXMgy	NO
martin a/c and overhead doors	+19037347500	OtEo5BqAofniCtk2JHkD	NO
bhs air / heat	+19037366007	BxFdTK9Jrk2WaO0Ol2rL	NO
randy's heating and air conditioning	+19037380101	KdTMF8v67AGQq6MoMszs	YES
Jerry Berry Air Conditioning & Electric, Inc.	+19037567616	BsncmVZi7tMfRvYIhwVr	?
Ray Roberts Service LLC	+19037632804	KSplVpY73avSnvJ5DtJy	?
privette heating & air conditioning	+19037972678	nXSYEyekCauO15oWQXpN	YES
tdr contractors, inc.	+19037973428	8a5SZTZJU8up3vefP8Zm	YES
gault heating & air	+19038413943	uMtZMj8SxaFMDEK1p6XU	YES
applegate heating & air conditioning, llc	+19038566141	BoQqOxF2luIvluavUUcY	YES
brummell air conditioning & refrigeration	+19038566272	TB4KRLkROgDiEjZeKLxl	NO
Faithco Enterprises Inc.	+19038823660	iQ9jwfp1u1ivYGYQyqRM	?
Glacier Cooling & Heating	+19038828901	Vs8KGP3Y14kopo2md63o	?
Ken's Comfort Zone Air Conditioning	+19038878711	pDjorQmULW6D1rNLp1ZS	?
iliff heating & air	+19039263969	BEPrYGECT6meGLP2wshe	YES
franks air repair	+19039264750	8B6iwYDgLMiEFTsxNFt7	YES
ace mechanical air conditioning-heating & refrigeration llc	+19039267293	wsEbtkrvxUZYHX8jM990	YES
solar supply	+19039272828	1tr9uutrIoFknNusixde	YES
robert's air conditioning & electrical llc	+19039301674	Tbwsye0FQQGjFzZPLdYv	YES
marshall air & heat	+19039302830	wvHsYNSyJFF0DFYnQWtt	YES
slater air & refrigeration	+19039306189	7FE4cQa1cJlO9QaUdU0u	NO
keith air conditioning & heating	+19039353664	3UW6c8BCUdkXxONv6tLv	YES
oliver's air inc.	+19039381276	TT0YCJTLCDrbwTE6CvoS	NO
B & T Air Conditioning and Heating	+19039383115	DQEm6xaUCxIR2nMCqBes	YES
sieger's plumbing	+19402130727	X5yaSvYMqEDbEd7isIAv	YES
aire serv of denton	+19402414809	vV3aKL2yXhM6htitJxU7	YES
air d&b hvac	+19402845301	Cl8p9Jui1Zo3zjYJawlc	YES
red river mechanical	+19404436995	SqPxrNLRPUuf96qBMqxL	YES
alvis mechanical	+19404438961	qhqNiJvO61b7N5mmMj89	YES
affordable air conditioning	+19405802905	a4UljDBrKNoOTCUuqW2x	NO
bluebonnet heat and air	+19406129455	4sIUZLujr333EdQt6tGf	YES
winsupply of cooke county	+19406651400	NqeI7Rz3TbW82yU82T1C	YES
culpepper plumbing & ac inc	+19406653564	4WiDmSmUqk7DrUG3leCD	NO
chad sieger's plumbing heating and air	+19406687937	SQWB1LFoZrMXffKVEPuX	YES
heat and air rescue	+19407271919	BSmQApGCuo79NG570PLz	YES
absolute heat & air	+19407367455	YqjIrBkjuD0bFxklnANK	YES
legacy airconditioning and refrigeration	+19407369857	LJikMwNIIP7iNYuTOp20	YES
reece hvac	+19722327130	vrmXiZs0HAM21gtK4pU9	YES
A/C Rescue, Inc.	+19722786800	RGPX3yQU7TXnuZXuAN1u	?
Willard Air Conditioning, Plumbing & Electrical	+19725649785	2NJPGTcE5OaTbBSVlzyU	?
Rockwall Electric, Inc.	+19727715390	1mJV0vjSbsZUlmiZrLC8	?
premier air conditioning contractor	+19728058236	6xRcBfCYnhrqtI2zjzJD	YES
garland heating and air conditioning	+19728609557	HsmQZ0hkMH8QPRJeh8r9	YES
Accurate Home Services	+19729627784	KUFQgOOC3qGwmqxmQfr7	?
aplus air experts llc None	+14693526658	stywyz5Xt3JcrFyo7IbQ	?
r3 a/c & heating None	+14692311040	j8vcYFXWDCorFsJYp0UY	?
survival air hvac None	+12147262981	rRVhX7ig4Le7amBdztt6	?
parker brothers air conditioning None	+19725178899	52QB8J4hZUbGsclp3N4H	?
tony t a/c & heating None	+19728395307	21NsfZmwvtPpUqYGCZOY	?
infinity air conditioning None	+19723634124	rHYwGasYvN7XDVzRZwNW	?
auto experts of texas None	+19727849049	61qy1dI61CB0T8hSSZCD	?
ross air conditioning & heat None	+19728432791	Cd9l1sqgTsXtnZZR1DXu	?
the ac guy hvac & refrigeration $59 service None	+14692472731	7egOaFgTm6BakUvUzLBk	?
simpsons air conditioning & heating, refrigeration specialist None	+19722310777	DcHFpf5AHeFmqCF3Y2lp	?
campbell air conditioning & heating None	+12145512956	4Tk2FVJHwfKU2SmImaBP	?
panda heating and cooling None	+14699197646	YdZLo7AivbBXbz6gFnRC	?
comfort mechanical solutions None	+14692138450	dtBR2A6rK9baE1CsDkfZ	?
affordable services heating & air llc None	+19727658087	9g4hB9UZ0n2TojpVtbUq	?
tl central heating & air, llc None	+19723822663	S37l8XwsWBTxWExJgc8Q	?
howdy brothers air None	+19039410733	JppaqY1ZUJd2NN7n67U1	?
selective air None	+14696869806	0B8OKZPpl99DTGeJd3HW	?
air rescue heating and cooling None	+14692942616	GGROVWDDVx9wyXVkgqtx	?
smartway heating & cooling None	+14698609596	pilWo4V9r8oDCF6gxEew	?
airmax air conditioning and heating None	+14694448120	ICWS6eZBiQnuE7q343Kx	?
new day air duct cleaners None	+19724405136	JndZYqRiSVPfgflacKuN	?
